rule_no,age,thallium_stress_test,blood_pressure,cholesterol,chest_pain,effective_training_weight,confidence,c0_intercept,c1_age,c2_thallium,c3_blood_pressure,c4_cholesterol,c5_chest_pain
1,young,normal,low,low,typical_angina,0.0264,low,-0.0,-0.0,0.0,0.0,0.0,0.0
2,young,normal,low,low,atypical_angina,0.008,low,-0.0,0.0,0.0,-0.0,0.0,0.0
3,young,normal,low,low,non_anginal,0.0384,low,-0.0,0.0,0.0,0.0,0.0,0.0
4,young,normal,low,low,asymptomatic,0.0,low,0.0,0.0,0.0,0.0,0.0,0.0
5,young,normal,low,medium,typical_angina,0.0037,low,-0.0,-0.0,0.0,0.0,0.0,0.0
6,young,normal,low,medium,atypical_angina,0.145,low,-0.0,-0.0,0.0,-0.0,0.0,0.0
7,young,normal,low,medium,non_anginal,0.1627,low,-0.0,0.0,0.0,0.0,0.0,0.0
8,young,normal,low,medium,asymptomatic,0.0,low,0.0,0.0,0.0,0.0,0.0,0.0
9,young,normal,low,high,typical_angina,0.0,low,0.0,0.0,0.0,0.0,0.0,0.0
10,young,normal,low,high,atypical_angina,0.0,low,0.0,0.0,0.0,0.0,0.0,0.0
11,young,normal,low,high,non_anginal,0.0508,low,-0.0,-0.0,0.0,0.0,0.0,0.0
12,young,normal,low,high,asymptomatic,0.0992,low,0.07831556863732884,2.82687790703634e-05,-7.882184161007327e-11,2.5787529067801985e-05,6.2714000002964215e-06,1.5837619103220876e-10
13,young,normal,medium,low,typical_angina,0.1056,low,-0.0,-0.0,0.0,0.0,0.0,0.0
14,young,normal,medium,low,atypical_angina,0.1787,low,-0.0,-0.0,0.0,0.0,-0.0,0.0
15,young,normal,medium,low,non_anginal,0.22,low,-0.0,-0.0,0.0,0.0,0.0,0.0
16,young,normal,medium,low,asymptomatic,0.0,low,0.0,0.0,0.0,0.0,0.0,0.0
17,young,normal,medium,medium,typical_angina,0.0147,low,-0.0,-0.0,0.0,0.0,0.0,0.0
18,young,normal,medium,medium,atypical_angina,1.0733,low,-0.0,-0.0,0.0,0.0,0.0,0.0
19,young,normal,medium,medium,non_anginal,0.813,low,-0.0,0.0,0.0,0.0,0.0,0.0
20,young,normal,medium,medium,asymptomatic,0.0,low,0.0,0.0,0.0,0.0,0.0,0.0
21,young,normal,medium,high,typical_angina,0.0,low,0.0,0.0,0.0,0.0,0.0,0.0
22,young,normal,medium,high,atypical_angina,0.2447,low,-0.0,-0.0,0.0,0.0,0.0,0.0
23,young,normal,medium,high,non_anginal,0.4043,low,-0.0,0.0,0.0,0.0,-0.0,0.0
24,young,normal,medium,high,asymptomatic,0.0304,low,0.0691943236646891,4.365251380181663e-06,-6.37235957213638e-11,-3.435149749962827e-06,-1.64620699409928e-06,1.2803938836681186e-10
25,young,normal,high,low,typical_angina,0.0,low,0.0,0.0,0.0,0.0,0.0,0.0
26,young,normal,high,low,atypical_angina,0.0,low,0.0,0.0,0.0,0.0,0.0,0.0
27,young,normal,high,low,non_anginal,0.0,low,0.0,0.0,0.0,0.0,0.0,0.0
28,young,normal,high,low,asymptomatic,0.0,low,0.0,0.0,0.0,0.0,0.0,0.0
29,young,normal,high,medium,typical_angina,0.0,low,0.0,0.0,0.0,0.0,0.0,0.0
30,young,normal,high,medium,atypical_angina,0.0,low,0.0,0.0,0.0,0.0,0.0,0.0
31,young,normal,high,medium,non_anginal,0.0,low,0.0,0.0,0.0,0.0,0.0,0.0
32,young,normal,high,medium,asymptomatic,0.0217,low,-0.0,0.0,0.0,-0.0,0.0,0.0
33,young,normal,high,high,typical_angina,0.0,low,0.0,0.0,0.0,0.0,0.0,0.0
34,young,normal,high,high,atypical_angina,0.0,low,0.0,0.0,0.0,0.0,0.0,0.0
35,young,normal,high,high,non_anginal,0.0,low,0.0,0.0,0.0,0.0,0.0,0.0
36,young,normal,high,high,asymptomatic,0.0058,low,-0.0,0.0,0.0,-0.0,0.0,0.0
37,young,fixed_defect,low,low,typical_angina,0.0,low,0.0,0.0,0.0,0.0,0.0,0.0
38,young,fixed_defect,low,low,atypical_angina,0.0,low,0.0,0.0,0.0,0.0,0.0,0.0
39,young,fixed_defect,low,low,non_anginal,0.0,low,0.0,0.0,0.0,0.0,0.0,0.0
40,young,fixed_defect,low,low,asymptomatic,0.0,low,0.0,0.0,0.0,0.0,0.0,0.0
41,young,fixed_defect,low,medium,typical_angina,0.0,low,0.0,0.0,0.0,0.0,0.0,0.0
42,young,fixed_defect,low,medium,atypical_angina,0.0,low,0.0,0.0,0.0,0.0,0.0,0.0
43,young,fixed_defect,low,medium,non_anginal,0.0,low,0.0,0.0,0.0,0.0,0.0,0.0
44,young,fixed_defect,low,medium,asymptomatic,0.0,low,0.0,0.0,0.0,0.0,0.0,0.0
45,young,fixed_defect,low,high,typical_angina,0.0,low,0.0,0.0,0.0,0.0,0.0,0.0
46,young,fixed_defect,low,high,atypical_angina,0.0,low,0.0,0.0,0.0,0.0,0.0,0.0
47,young,fixed_defect,low,high,non_anginal,0.0,low,0.0,0.0,0.0,0.0,0.0,0.0
48,young,fixed_defect,low,high,asymptomatic,0.0,low,0.0,0.0,0.0,0.0,0.0,0.0
49,young,fixed_defect,medium,low,typical_angina,0.0,low,0.0,0.0,0.0,0.0,0.0,0.0
50,young,fixed_defect,medium,low,atypical_angina,0.0,low,0.0,0.0,0.0,0.0,0.0,0.0
51,young,fixed_defect,medium,low,non_anginal,0.0,low,0.0,0.0,0.0,0.0,0.0,0.0
52,young,fixed_defect,medium,low,asymptomatic,0.0,low,0.0,0.0,0.0,0.0,0.0,0.0
53,young,fixed_defect,medium,medium,typical_angina,0.0,low,0.0,0.0,0.0,0.0,0.0,0.0
54,young,fixed_defect,medium,medium,atypical_angina,0.115,low,-0.0,-0.0,0.0,0.0,0.0,0.0
55,young,fixed_defect,medium,medium,non_anginal,0.0,low,0.0,0.0,0.0,0.0,0.0,0.0
56,young,fixed_defect,medium,medium,asymptomatic,0.0,low,0.0,0.0,0.0,0.0,0.0,0.0
57,young,fixed_defect,medium,high,typical_angina,0.0,low,0.0,0.0,0.0,0.0,0.0,0.0
58,young,fixed_defect,medium,high,atypical_angina,0.0,low,0.0,0.0,0.0,0.0,0.0,0.0
59,young,fixed_defect,medium,high,non_anginal,0.0,low,0.0,0.0,0.0,0.0,0.0,0.0
60,young,fixed_defect,medium,high,asymptomatic,0.1312,low,0.49999995334459624,-1.5260889334230453e-10,3.453451422859459e-10,1.2659250971079514e-11,2.3623815313022253e-11,9.33627906373227e-10
61,young,fixed_defect,high,low,typical_angina,0.0,low,0.0,0.0,0.0,0.0,0.0,0.0
62,young,fixed_defect,high,low,atypical_angina,0.0,low,0.0,0.0,0.0,0.0,0.0,0.0
63,young,fixed_defect,high,low,non_anginal,0.0,low,0.0,0.0,0.0,0.0,0.0,0.0
64,young,fixed_defect,high,low,asymptomatic,0.0,low,0.0,0.0,0.0,0.0,0.0,0.0
65,young,fixed_defect,high,medium,typical_angina,0.0,low,0.0,0.0,0.0,0.0,0.0,0.0
66,young,fixed_defect,high,medium,atypical_angina,0.0,low,0.0,0.0,0.0,0.0,0.0,0.0
67,young,fixed_defect,high,medium,non_anginal,0.0,low,0.0,0.0,0.0,0.0,0.0,0.0
68,young,fixed_defect,high,medium,asymptomatic,0.0,low,0.0,0.0,0.0,0.0,0.0,0.0
69,young,fixed_defect,high,high,typical_angina,0.0,low,0.0,0.0,0.0,0.0,0.0,0.0
70,young,fixed_defect,high,high,atypical_angina,0.0,low,0.0,0.0,0.0,0.0,0.0,0.0
71,young,fixed_defect,high,high,non_anginal,0.0,low,0.0,0.0,0.0,0.0,0.0,0.0
72,young,fixed_defect,high,high,asymptomatic,0.0,low,0.0,0.0,0.0,0.0,0.0,0.0
73,young,reversible_defect,low,low,typical_angina,0.0,low,0.0,0.0,0.0,0.0,0.0,0.0
74,young,reversible_defect,low,low,atypical_angina,0.0,low,0.0,0.0,0.0,0.0,0.0,0.0
75,young,reversible_defect,low,low,non_anginal,0.0,low,0.0,0.0,0.0,0.0,0.0,0.0
76,young,reversible_defect,low,low,asymptomatic,0.11,low,0.7499999490806528,-2.6533478572818e-10,9.230177055833302e-10,-1.0520863754198355e-10,-4.274858301351433e-11,1.4004418280854537e-09
77,young,reversible_defect,low,medium,typical_angina,0.0,low,0.0,0.0,0.0,0.0,0.0,0.0
78,young,reversible_defect,low,medium,atypical_angina,0.0,low,0.0,0.0,0.0,0.0,0.0,0.0
79,young,reversible_defect,low,medium,non_anginal,0.0,low,0.0,0.0,0.0,0.0,0.0,0.0
80,young,reversible_defect,low,medium,asymptomatic,0.0517,low,-0.0,-0.0,0.0,0.0,0.0,0.0
81,young,reversible_defect,low,high,typical_angina,0.0,low,0.0,0.0,0.0,0.0,0.0,0.0
82,young,reversible_defect,low,high,atypical_angina,0.0,low,0.0,0.0,0.0,0.0,0.0,0.0
83,young,reversible_defect,low,high,non_anginal,0.0,low,0.0,0.0,0.0,0.0,0.0,0.0
84,young,reversible_defect,low,high,asymptomatic,0.0,low,0.0,0.0,0.0,0.0,0.0,0.0
85,young,reversible_defect,medium,low,typical_angina,0.0,low,0.0,0.0,0.0,0.0,0.0,0.0
86,young,reversible_defect,medium,low,atypical_angina,0.0,low,0.0,0.0,0.0,0.0,0.0,0.0
87,young,reversible_defect,medium,low,non_anginal,0.0,low,0.0,0.0,0.0,0.0,0.0,0.0
88,young,reversible_defect,medium,low,asymptomatic,0.0133,low,0.24999981667521784,-1.1879605976658167e-10,3.076723664421199e-10,-1.9146775096423645e-11,-8.790707788061935e-12,4.668136358097518e-10
89,young,reversible_defect,medium,medium,typical_angina,0.1692,low,0.9999999642180343,-4.023416611657815e-10,1.2306903105365982e-09,-7.65871529254652e-11,-1.1918871984390371e-11,-4.7134613117709195e-09
90,young,reversible_defect,medium,medium,atypical_angina,0.0,low,0.0,0.0,0.0,0.0,0.0,0.0
91,young,reversible_defect,medium,medium,non_anginal,0.05,low,-0.0,0.0,-0.0,0.0,0.0,0.0
92,young,reversible_defect,medium,medium,asymptomatic,0.189,low,0.24999998995831116,-1.0794667518604763e-10,3.076725819791742e-10,-1.4877927729582445e-11,-6.862988696288354e-12,4.668139621362275e-10
93,young,reversible_defect,medium,high,typical_angina,0.0,low,0.0,0.0,0.0,0.0,0.0,0.0
94,young,reversible_defect,medium,high,atypical_angina,0.0096,low,-0.0,0.0,0.0,0.0,0.0,0.0
95,young,reversible_defect,medium,high,non_anginal,0.0,low,0.0,0.0,0.0,0.0,0.0,0.0
96,young,reversible_defect,medium,high,asymptomatic,0.2905,low,0.2499999910428287,-1.1680678545989002e-10,3.0767258666684537e-10,-9.201763984784397e-12,5.748435021043424e-12,4.668139704069518e-10
97,young,reversible_defect,high,low,typical_angina,0.0,low,0.0,0.0,0.0,0.0,0.0,0.0
98,young,reversible_defect,high,low,atypical_angina,0.0,low,0.0,0.0,0.0,0.0,0.0,0.0
99,young,reversible_defect,high,low,non_anginal,0.0,low,0.0,0.0,0.0,0.0,0.0,0.0
100,young,reversible_defect,high,low,asymptomatic,0.0,low,0.0,0.0,0.0,0.0,0.0,0.0
101,young,reversible_defect,high,medium,typical_angina,0.0,low,0.0,0.0,0.0,0.0,0.0,0.0
102,young,reversible_defect,high,medium,atypical_angina,0.0,low,0.0,0.0,0.0,0.0,0.0,0.0
103,young,reversible_defect,high,medium,non_anginal,0.0,low,0.0,0.0,0.0,0.0,0.0,0.0
104,young,reversible_defect,high,medium,asymptomatic,0.185,low,0.24999998214742578,-8.844493236410466e-11,3.0767258143903076e-10,3.180603970535621e-11,-4.388444308276602e-12,4.668139616259038e-10
105,young,reversible_defect,high,high,typical_angina,0.0,low,0.0,0.0,0.0,0.0,0.0,0.0
106,young,reversible_defect,high,high,atypical_angina,0.0,low,0.0,0.0,0.0,0.0,0.0,0.0
107,young,reversible_defect,high,high,non_anginal,0.0,low,0.0,0.0,0.0,0.0,0.0,0.0
108,young,reversible_defect,high,high,asymptomatic,0.0,low,0.0,0.0,0.0,0.0,0.0,0.0
109,middle_aged,normal,low,low,typical_angina,0.0,low,0.0,0.0,0.0,0.0,0.0,0.0
110,middle_aged,normal,low,low,atypical_angina,0.2253,low,-0.0,0.0,0.0,0.0,-0.0,0.0
111,middle_aged,normal,low,low,non_anginal,0.6237,low,0.021376567627714296,9.131849702500139e-05,-3.612803565891155e-11,0.00011382183005236683,-1.0127979764619855e-05,-1.2685948570974858e-11
112,middle_aged,normal,low,low,asymptomatic,0.0,low,0.0,0.0,0.0,0.0,0.0,0.0
113,middle_aged,normal,low,medium,typical_angina,0.0258,low,-0.0,0.0,0.0,0.0,0.0,0.0
114,middle_aged,normal,low,medium,atypical_angina,0.465,low,-0.0,0.0,0.0,-0.0,0.0,0.0
115,middle_aged,normal,low,medium,non_anginal,0.6713,low,0.06979167522661618,-0.00020066596666025902,-7.119132715604594e-11,9.171077669709778e-06,6.67734373030968e-05,-2.4998024302608263e-11
116,middle_aged,normal,low,medium,asymptomatic,1.1387,low,0.07617099332770874,0.002461511980007526,-2.1524506974485866e-10,0.0002477624323290095,-4.674422711889733e-05,4.324904637337775e-10
117,middle_aged,normal,low,high,typical_angina,0.0,low,0.0,0.0,0.0,0.0,0.0,0.0
118,middle_aged,normal,low,high,atypical_angina,0.0,low,0.0,0.0,0.0,0.0,0.0,0.0
119,middle_aged,normal,low,high,non_anginal,0.5365,low,0.01661897819021881,-8.142193954271597e-05,-8.636767989342893e-12,6.456918081266834e-06,-1.5063203565617824e-05,-3.0327028334227555e-12
120,middle_aged,normal,low,high,asymptomatic,0.6904,low,0.14374526150903663,1.7637995819569086e-05,-1.6029643031066502e-10,9.55344449727977e-05,6.118497674325361e-05,3.2208253551911e-10
121,middle_aged,normal,medium,low,typical_angina,0.0,low,0.0,0.0,0.0,0.0,0.0,0.0
122,middle_aged,normal,medium,low,atypical_angina,0.232,low,-0.0,0.0,0.0,0.0,-0.0,0.0
123,middle_aged,normal,medium,low,non_anginal,0.9193,low,0.1593377967525741,0.0005171659545826426,-9.893237625348584e-11,-0.00042403352535937475,-0.00010131768692921279,-3.473897814512015e-11
124,middle_aged,normal,medium,low,asymptomatic,0.1424,low,0.7560036427035152,0.00014316762869460653,-7.141842175943773e-10,0.00013609455652387206,-5.354059806144344e-05,1.4350054984271219e-09
125,middle_aged,normal,medium,medium,typical_angina,0.9082,low,-0.02319107211996571,0.0016151849665483856,-1.2386686118791742e-10,0.00040582322735250713,5.953653555218594e-05,-6.2825300528477e-10
126,middle_aged,normal,medium,medium,atypical_angina,3.0375,high,-0.04028329924736923,0.0008097024407696997,-2.8434309876488443e-11,7.176404552920096e-05,6.94584239582968e-05,-7.710163554167613e-11
127,middle_aged,normal,medium,medium,non_anginal,3.1225,high,-0.005312914965530964,0.00013028424179704619,-2.1988190632666946e-12,3.111601992669601e-05,-1.4273618703080388e-05,-7.720903402124012e-13
128,middle_aged,normal,medium,medium,asymptomatic,1.7077,low,0.02598649768472149,0.0007101229224639608,-3.378806059529333e-11,-0.00028064132106793996,3.497785292983671e-05,6.789012084246674e-11
129,middle_aged,normal,medium,high,typical_angina,0.0,low,0.0,0.0,0.0,0.0,0.0,0.0
130,middle_aged,normal,medium,high,atypical_angina,2.6194,low,-0.33329113037615915,0.004233730612516929,-9.431515138648133e-11,0.000931603627318404,0.0003257082852270179,-2.557421866612064e-10
131,middle_aged,normal,medium,high,non_anginal,2.8537,low,-0.02201248050998486,0.0002452210525485791,-3.1022595541123295e-12,5.189982545683598e-05,2.063912843268077e-05,-1.089323155400749e-12
132,middle_aged,normal,medium,high,asymptomatic,1.9966,low,0.18711281268474006,0.0011804950995182167,-1.5182093926547563e-10,-0.0005852549530443307,-4.394534975519376e-05,3.0505278799751523e-10
133,middle_aged,normal,high,low,typical_angina,0.0,low,0.0,0.0,0.0,0.0,0.0,0.0
134,middle_aged,normal,high,low,atypical_angina,0.0,low,0.0,0.0,0.0,0.0,0.0,0.0
135,middle_aged,normal,high,low,non_anginal,0.0337,low,-0.0,0.0,0.0,0.0,0.0,0.0
136,middle_aged,normal,high,low,asymptomatic,0.0,low,0.0,0.0,0.0,0.0,0.0,0.0
137,middle_aged,normal,high,medium,typical_angina,0.0833,low,-0.0,0.0,0.0,0.0,0.0,0.0
138,middle_aged,normal,high,medium,atypical_angina,0.2613,low,0.24999998681178767,1.4749183569714108e-11,-2.3232745130810407e-10,3.499059211727331e-11,-2.803627306369202e-12,-6.299722533357681e-10
139,middle_aged,normal,high,medium,non_anginal,0.7075,low,0.1574315728653907,-0.00085536082689093,-9.17552343477201e-11,-0.0002202753541491925,6.882138821964953e-05,-3.221880657600827e-11
140,middle_aged,normal,high,medium,asymptomatic,0.211,low,0.10039925138940053,0.000503917146178619,-1.3440641889200137e-10,0.0001261297428061685,3.225730999367295e-07,2.7006190550243644e-10
141,middle_aged,normal,high,high,typical_angina,0.2904,low,0.12540698439478637,4.302943452310135e-05,-1.2969641955622551e-10,0.00011286983431299203,-1.2482340307437046e-05,-6.578205375954865e-10
142,middle_aged,normal,high,high,atypical_angina,0.0,low,0.0,0.0,0.0,0.0,0.0,0.0
143,middle_aged,normal,high,high,non_anginal,0.005,low,0.0,0.0,0.0,-0.0,0.0,0.0
144,middle_aged,normal,high,high,asymptomatic,0.7836,low,0.26452700602706647,-0.000472764221557619,-3.1488488680426967e-10,0.0005464810228092674,0.00011277826491754225,6.326960652418664e-10
145,middle_aged,fixed_defect,low,low,typical_angina,0.0243,low,-0.0,0.0,0.0,0.0,0.0,0.0
146,middle_aged,fixed_defect,low,low,atypical_angina,0.0,low,0.0,0.0,0.0,0.0,0.0,0.0
147,middle_aged,fixed_defect,low,low,non_anginal,0.0,low,0.0,0.0,0.0,0.0,0.0,0.0
148,middle_aged,fixed_defect,low,low,asymptomatic,0.0,low,0.0,0.0,0.0,0.0,0.0,0.0
149,middle_aged,fixed_defect,low,medium,typical_angina,0.013,low,-0.0,0.0,0.0,0.0,0.0,0.0
150,middle_aged,fixed_defect,low,medium,atypical_angina,0.0,low,0.0,0.0,0.0,0.0,0.0,0.0
151,middle_aged,fixed_defect,low,medium,non_anginal,0.0,low,0.0,0.0,0.0,0.0,0.0,0.0
152,middle_aged,fixed_defect,low,medium,asymptomatic,0.14,low,-0.0,0.0,0.0,0.0,0.0,0.0
153,middle_aged,fixed_defect,low,high,typical_angina,0.0,low,0.0,0.0,0.0,0.0,0.0,0.0
154,middle_aged,fixed_defect,low,high,atypical_angina,0.0,low,0.0,0.0,0.0,0.0,0.0,0.0
155,middle_aged,fixed_defect,low,high,non_anginal,0.0,low,0.0,0.0,0.0,0.0,0.0,0.0
156,middle_aged,fixed_defect,low,high,asymptomatic,0.1365,low,0.9999999076873541,8.327770021320367e-11,6.906902878685462e-10,-1.1480177349041157e-10,4.936072027272888e-11,1.8672558230885125e-09
157,middle_aged,fixed_defect,medium,low,typical_angina,0.0971,low,-0.0,0.0,0.0,0.0,0.0,0.0
158,middle_aged,fixed_defect,medium,low,atypical_angina,0.0,low,0.0,0.0,0.0,0.0,0.0,0.0
159,middle_aged,fixed_defect,medium,low,non_anginal,0.0,low,0.0,0.0,0.0,0.0,0.0,0.0
160,middle_aged,fixed_defect,medium,low,asymptomatic,0.0,low,0.0,0.0,0.0,0.0,0.0,0.0
161,middle_aged,fixed_defect,medium,medium,typical_angina,0.0745,low,-0.0,0.0,0.0,0.0,0.0,0.0
162,middle_aged,fixed_defect,medium,medium,atypical_angina,0.1725,low,-0.0,-0.0,0.0,0.0,0.0,0.0
163,middle_aged,fixed_defect,medium,medium,non_anginal,0.4652,low,0.3451763500664801,0.0005220259180210105,0.002670755729428665,-3.325801165613554e-05,2.285477600813316e-05,-1.264630859039386e-10
164,middle_aged,fixed_defect,medium,medium,asymptomatic,0.0864,low,0.5579151777391608,0.00016312548115273476,0.00038267220576137286,6.061802402006222e-05,3.1547053372913245e-06,1.0781699458888245e-09
165,middle_aged,fixed_defect,medium,high,typical_angina,0.0,low,0.0,0.0,0.0,0.0,0.0,0.0
166,middle_aged,fixed_defect,medium,high,atypical_angina,0.0,low,0.0,0.0,0.0,0.0,0.0,0.0
167,middle_aged,fixed_defect,medium,high,non_anginal,0.12,low,0.49999995588860074,1.7357882051103813e-11,3.453451423048156e-10,-6.448059234709598e-12,2.845103124736025e-12,-1.6315827514919666e-10
168,middle_aged,fixed_defect,medium,high,asymptomatic,0.3972,low,0.6143477620533624,0.0012792241688003524,4.316582229412223e-10,-0.00046138312759636267,6.957936374338106e-06,1.1669721574455085e-09
169,middle_aged,fixed_defect,high,low,typical_angina,0.0,low,0.0,0.0,0.0,0.0,0.0,0.0
170,middle_aged,fixed_defect,high,low,atypical_angina,0.0,low,0.0,0.0,0.0,0.0,0.0,0.0
171,middle_aged,fixed_defect,high,low,non_anginal,0.0,low,0.0,0.0,0.0,0.0,0.0,0.0
172,middle_aged,fixed_defect,high,low,asymptomatic,0.1792,low,0.7499999263155785,8.066900225170872e-11,5.180177209263438e-10,1.527400505804613e-10,-3.799413353633749e-11,1.4004418794835786e-09
173,middle_aged,fixed_defect,high,medium,typical_angina,0.0225,low,-0.0,0.0,0.0,0.0,0.0,0.0
174,middle_aged,fixed_defect,high,medium,atypical_angina,0.0,low,0.0,0.0,0.0,0.0,0.0,0.0
175,middle_aged,fixed_defect,high,medium,non_anginal,0.0,low,0.0,0.0,0.0,0.0,0.0,0.0
176,middle_aged,fixed_defect,high,medium,asymptomatic,0.3536,low,0.531915678555022,9.28690887291762e-05,3.6063412336838913e-10,-0.00010150127631204244,-5.837062278035738e-06,9.749611093944328e-10
177,middle_aged,fixed_defect,high,high,typical_angina,0.0,low,0.0,0.0,0.0,0.0,0.0,0.0
178,middle_aged,fixed_defect,high,high,atypical_angina,0.0,low,0.0,0.0,0.0,0.0,0.0,0.0
179,middle_aged,fixed_defect,high,high,non_anginal,0.0,low,0.0,0.0,0.0,0.0,0.0,0.0
180,middle_aged,fixed_defect,high,high,asymptomatic,0.12,low,0.24999996976480543,1.4749182932345513e-11,1.7267257038964349e-10,2.8621487326113927e-11,4.944367172467209e-12,4.668139519442318e-10
181,middle_aged,reversible_defect,low,low,typical_angina,0.0,low,0.0,0.0,0.0,0.0,0.0,0.0
182,middle_aged,reversible_defect,low,low,atypical_angina,0.0,low,0.0,0.0,0.0,0.0,0.0,0.0
183,middle_aged,reversible_defect,low,low,non_anginal,0.0,low,0.0,0.0,0.0,0.0,0.0,0.0
184,middle_aged,reversible_defect,low,low,asymptomatic,0.11,low,0.7499999490806528,-2.6533478572818e-10,9.230177055833302e-10,-1.0520863754198355e-10,-4.274858301351433e-11,1.4004418280854537e-09
185,middle_aged,reversible_defect,low,medium,typical_angina,0.0,low,0.0,0.0,0.0,0.0,0.0,0.0
186,middle_aged,reversible_defect,low,medium,atypical_angina,0.0,low,0.0,0.0,0.0,0.0,0.0,0.0
187,middle_aged,reversible_defect,low,medium,non_anginal,0.854,low,-0.019435047010984446,0.0014163364744337163,2.475330512215044e-10,0.0010930259557353733,-4.1457820792531215e-06,-6.56331897720594e-11
188,middle_aged,reversible_defect,low,medium,asymptomatic,1.1585,low,0.14667175908852736,0.0027701871767001436,3.718172169804938e-10,-0.0002205484360981737,0.00013470850272220077,5.641369278804162e-10
189,middle_aged,reversible_defect,low,high,typical_angina,0.1,low,0.24999997974907034,-5.809371883937433e-11,3.076725653896462e-10,-3.506954544263332e-11,2.8312777218316163e-12,-1.1783652808371564e-09
190,middle_aged,reversible_defect,low,high,atypical_angina,0.0,low,0.0,0.0,0.0,0.0,0.0,0.0
191,middle_aged,reversible_defect,low,high,non_anginal,0.0,low,0.0,0.0,0.0,0.0,0.0,0.0
192,middle_aged,reversible_defect,low,high,asymptomatic,0.2524,low,0.499999967907051,2.9498366984891096e-11,6.153451726650064e-10,-7.013909578014737e-11,3.0667447697939874e-11,9.33627937037601e-10
193,middle_aged,reversible_defect,medium,low,typical_angina,0.042,low,-0.0,0.0,0.0,0.0,0.0,0.0
194,middle_aged,reversible_defect,medium,low,atypical_angina,0.0,low,0.0,0.0,0.0,0.0,0.0,0.0
195,middle_aged,reversible_defect,medium,low,non_anginal,0.112,low,0.7499999451232419,-1.0143825744502165e-10,9.230177161040665e-10,-5.7440363777074076e-11,-3.165486445613833e-11,-2.4473740963731073e-10
196,middle_aged,reversible_defect,medium,low,asymptomatic,0.528,low,0.6763934927546187,-9.128707066858473e-06,7.947966855423375e-10,-2.113532672502949e-05,-0.00011008038836129967,1.2058994390040976e-09
197,middle_aged,reversible_defect,medium,medium,typical_angina,0.17,low,0.4887074840176516,-0.0017525814100972017,5.164936993366281e-10,-3.2141946339533424e-11,0.00010732968315813339,-1.9781362108905495e-09
198,middle_aged,reversible_defect,medium,medium,atypical_angina,0.935,low,-0.0,0.0,0.0,0.0,0.0,0.0
199,middle_aged,reversible_defect,medium,medium,non_anginal,1.1178,low,0.3457235693915399,-0.0001471625513784327,3.056864064764591e-10,-0.0003631835250960828,-0.00016681704107921505,-8.105250542441643e-11
200,middle_aged,reversible_defect,medium,medium,asymptomatic,3.4287,high,0.6997106498504465,-0.0014281593246451107,4.904960557405068e-10,-0.001122048774335443,-0.0003028533378215934,7.442014058051148e-10
201,middle_aged,reversible_defect,medium,high,typical_angina,0.0,low,0.0,0.0,0.0,0.0,0.0,0.0
202,middle_aged,reversible_defect,medium,high,atypical_angina,0.1842,low,0.11180314468294808,0.0003551589909035551,1.656211234461784e-10,2.866497999665596e-05,-1.5850381676500408e-06,-3.3911604956217283e-10
203,middle_aged,reversible_defect,medium,high,non_anginal,0.2135,low,0.16355733754385027,0.00027958456162606004,2.2665325661805943e-10,5.1359749538978336e-05,-5.75799926161252e-06,-6.009692974263608e-11
204,middle_aged,reversible_defect,medium,high,asymptomatic,4.1667,high,0.48535974158734646,-0.0008270268406485754,6.613693164000465e-10,0.00011798181029155463,0.0003291029883780252,1.0034575786566185e-09
205,middle_aged,reversible_defect,high,low,typical_angina,0.0,low,0.0,0.0,0.0,0.0,0.0,0.0
206,middle_aged,reversible_defect,high,low,atypical_angina,0.0,low,0.0,0.0,0.0,0.0,0.0,0.0
207,middle_aged,reversible_defect,high,low,non_anginal,0.1387,low,-0.0,0.0,0.0,0.0,0.0,0.0
208,middle_aged,reversible_defect,high,low,asymptomatic,0.144,low,0.7499999133545462,1.3530117868132523e-10,9.230177276374143e-10,1.3363273779291158e-10,-4.4333400993958e-11,1.4004418636382362e-09
209,middle_aged,reversible_defect,high,medium,typical_angina,0.0,low,0.0,0.0,0.0,0.0,0.0,0.0
210,middle_aged,reversible_defect,high,medium,atypical_angina,0.0,low,0.0,0.0,0.0,0.0,0.0,0.0
211,middle_aged,reversible_defect,high,medium,non_anginal,0.2567,low,0.0,0.0,-0.0,-0.0,0.0,0.0
212,middle_aged,reversible_defect,high,medium,asymptomatic,0.7598,low,0.469183058183114,0.00021418883823449064,6.461950883769648e-10,0.00012429055429055642,0.00011207698071272101,9.804347356759062e-10
213,middle_aged,reversible_defect,high,high,typical_angina,0.482,low,-0.0,0.0,0.0,0.0,0.0,0.0
214,middle_aged,reversible_defect,high,high,atypical_angina,0.1839,low,0.249999965618571,-3.461542948429293e-12,3.076725762989264e-10,9.549707319551111e-11,6.1770026686710674e-12,-6.299722296110375e-10
215,middle_aged,reversible_defect,high,high,non_anginal,0.0,low,0.0,0.0,0.0,0.0,0.0,0.0
216,middle_aged,reversible_defect,high,high,asymptomatic,1.4074,low,0.998804996814068,-0.0007137298583899229,1.044400582973764e-09,-0.00048622422326609046,-0.00018970970856065615,1.5846090961333305e-09
217,elderly,normal,low,low,typical_angina,0.0,low,0.0,0.0,0.0,0.0,0.0,0.0
218,elderly,normal,low,low,atypical_angina,0.0,low,0.0,0.0,0.0,0.0,0.0,0.0
219,elderly,normal,low,low,non_anginal,0.0,low,0.0,0.0,0.0,0.0,0.0,0.0
220,elderly,normal,low,low,asymptomatic,0.3724,low,-0.0,0.0,0.0,0.0,0.0,0.0
221,elderly,normal,low,medium,typical_angina,0.2325,low,-0.0,0.0,0.0,0.0,0.0,0.0
222,elderly,normal,low,medium,atypical_angina,0.0,low,0.0,0.0,0.0,0.0,0.0,0.0
223,elderly,normal,low,medium,non_anginal,0.0,low,0.0,0.0,0.0,0.0,0.0,0.0
224,elderly,normal,low,medium,asymptomatic,0.7527,low,0.1494511584182857,-0.0001950044782375227,-1.5231588952309175e-10,0.00030690800179622967,-6.222544591366039e-05,3.0604728273206964e-10
225,elderly,normal,low,high,typical_angina,0.0,low,0.0,0.0,0.0,0.0,0.0,0.0
226,elderly,normal,low,high,atypical_angina,0.0,low,0.0,0.0,0.0,0.0,0.0,0.0
227,elderly,normal,low,high,non_anginal,0.4409,low,-0.0,0.0,0.0,0.0,0.0,0.0
228,elderly,normal,low,high,asymptomatic,0.0,low,0.0,0.0,0.0,0.0,0.0,0.0
229,elderly,normal,medium,low,typical_angina,0.0,low,0.0,0.0,0.0,0.0,0.0,0.0
230,elderly,normal,medium,low,atypical_angina,0.0267,low,-0.0,0.0,0.0,0.0,0.0,0.0
231,elderly,normal,medium,low,non_anginal,0.1443,low,0.0802870849240401,-7.055247731808024e-05,-8.124941701562504e-11,8.030859107846698e-05,1.57349270719486e-06,-2.8529808206036098e-11
232,elderly,normal,medium,low,asymptomatic,0.2907,low,0.5323610052736427,-0.001241455348181342,-5.564865497643402e-10,0.0009593696650753832,3.0420735547511036e-05,1.1181446500465037e-09
233,elderly,normal,medium,medium,typical_angina,0.581,low,0.33789564529398997,-0.0010890835507939656,-2.2752022609907633e-10,-0.0002131020727860439,-2.2193461636319136e-05,-1.1539831147700137e-09
234,elderly,normal,medium,medium,atypical_angina,0.6407,low,0.03842186495144044,-0.00017098020357766505,-3.094239092684366e-11,-2.5913183067768566e-05,3.0759120704227614e-05,-8.390247323791967e-11
235,elderly,normal,medium,medium,non_anginal,0.2496,low,0.03155214196037674,-0.00013001311021964225,-2.0945829945561292e-11,5.456023472840156e-06,-1.0642484561096916e-05,-7.354889832430388e-12
236,elderly,normal,medium,medium,asymptomatic,0.3161,low,0.22822552383848219,0.0003426111939568435,-2.0984690706858646e-10,-0.00019310710620649348,1.767669239378266e-05,4.2164396378771396e-10
237,elderly,normal,medium,high,typical_angina,0.21,low,0.24999998285015004,6.331112027433139e-11,-2.3232744833723276e-10,9.51417742501843e-12,6.000912032475512e-12,-1.1783653488733977e-09
238,elderly,normal,medium,high,atypical_angina,0.3057,low,0.34405406485955575,-0.0017409178961965463,-3.2668260749477453e-10,0.000446319559503788,0.00017568265683239295,-8.858229047263311e-10
239,elderly,normal,medium,high,non_anginal,0.7243,low,0.09936346530767039,6.043529657304002e-05,-9.530584431317288e-11,0.00010612316688086435,-5.694066578499644e-05,-3.346556297956583e-11
240,elderly,normal,medium,high,asymptomatic,3.0121,high,-0.07178893584417745,0.007169235952258093,-1.92250440169144e-10,-0.0002920418488415582,-0.0002985092621979699,3.862875240219035e-10
241,elderly,normal,high,low,typical_angina,0.0,low,0.0,0.0,0.0,0.0,0.0,0.0
242,elderly,normal,high,low,atypical_angina,0.0,low,0.0,0.0,0.0,0.0,0.0,0.0
243,elderly,normal,high,low,non_anginal,0.0,low,0.0,0.0,0.0,0.0,0.0,0.0
244,elderly,normal,high,low,asymptomatic,0.0,low,0.0,0.0,0.0,0.0,0.0,0.0
245,elderly,normal,high,medium,typical_angina,1.0017,low,-0.0,0.0,0.0,0.0,0.0,0.0
246,elderly,normal,high,medium,atypical_angina,0.3653,low,0.07823485505386997,-0.00041393249958695155,-4.689678958285957e-11,-1.6704300475596632e-05,-1.2007709339073489e-05,-1.2716394956265417e-10
247,elderly,normal,high,medium,non_anginal,0.085,low,0.0,0.0,0.0,-0.0,0.0,0.0
248,elderly,normal,high,medium,asymptomatic,0.1496,low,0.24999997310303337,3.8485190402539196e-11,-2.3232744497948825e-10,4.250327746718598e-11,-3.707053635166994e-13,4.668139574502845e-10
249,elderly,normal,high,high,typical_angina,0.1637,low,0.15942206862539945,2.186001531186341e-05,-1.5483529425770322e-10,5.734065310241651e-05,-6.341332439552743e-06,-7.853249661348675e-10
250,elderly,normal,high,high,atypical_angina,0.05,low,0.0,-0.0,0.0,0.0,0.0,0.0
251,elderly,normal,high,high,non_anginal,1.0867,low,0.0,0.0,0.0,-0.0,-0.0,0.0
252,elderly,normal,high,high,asymptomatic,0.6713,low,0.23785977624477322,-0.00037359967166630375,-1.2225889578503107e-10,-0.0005127371262760626,-7.34891055761293e-05,2.4565397132084984e-10
253,elderly,fixed_defect,low,low,typical_angina,0.0,low,0.0,0.0,0.0,0.0,0.0,0.0
254,elderly,fixed_defect,low,low,atypical_angina,0.0,low,0.0,0.0,0.0,0.0,0.0,0.0
255,elderly,fixed_defect,low,low,non_anginal,0.0,low,0.0,0.0,0.0,0.0,0.0,0.0
256,elderly,fixed_defect,low,low,asymptomatic,0.0,low,0.0,0.0,0.0,0.0,0.0,0.0
257,elderly,fixed_defect,low,medium,typical_angina,0.0,low,0.0,0.0,0.0,0.0,0.0,0.0
258,elderly,fixed_defect,low,medium,atypical_angina,0.0,low,0.0,0.0,0.0,0.0,0.0,0.0
259,elderly,fixed_defect,low,medium,non_anginal,0.0,low,0.0,0.0,0.0,0.0,0.0,0.0
260,elderly,fixed_defect,low,medium,asymptomatic,0.135,low,0.17230667288744547,0.00012489437068788283,1.2736280777647355e-10,-2.5867200013473634e-11,2.1285369318023937e-05,3.4432067272562246e-10
261,elderly,fixed_defect,low,high,typical_angina,0.0,low,0.0,0.0,0.0,0.0,0.0,0.0
262,elderly,fixed_defect,low,high,atypical_angina,0.0,low,0.0,0.0,0.0,0.0,0.0,0.0
263,elderly,fixed_defect,low,high,non_anginal,0.0,low,0.0,0.0,0.0,0.0,0.0,0.0
264,elderly,fixed_defect,low,high,asymptomatic,0.0918,low,0.7167249419240801,-0.0002679830525837818,5.019090372590396e-10,4.016805303909513e-05,7.773887392357483e-05,1.3568926459457023e-09
265,elderly,fixed_defect,medium,low,typical_angina,0.0,low,0.0,0.0,0.0,0.0,0.0,0.0
266,elderly,fixed_defect,medium,low,atypical_angina,0.0,low,0.0,0.0,0.0,0.0,0.0,0.0
267,elderly,fixed_defect,medium,low,non_anginal,0.0,low,0.0,0.0,0.0,0.0,0.0,0.0
268,elderly,fixed_defect,medium,low,asymptomatic,0.0,low,0.0,0.0,0.0,0.0,0.0,0.0
269,elderly,fixed_defect,medium,medium,typical_angina,0.09,low,-0.0,0.0,0.0,0.0,0.0,0.0
270,elderly,fixed_defect,medium,medium,atypical_angina,0.0,low,0.0,0.0,0.0,0.0,0.0,0.0
271,elderly,fixed_defect,medium,medium,non_anginal,0.2093,low,0.49999997601594054,5.259042317360234e-11,3.453451546592081e-10,-1.877045097459635e-11,-1.0100936012945238e-11,-1.631582807715061e-10
272,elderly,fixed_defect,medium,medium,asymptomatic,0.12,low,0.9999998837809576,2.2896350633988996e-10,6.906902817817367e-10,8.264043229578697e-11,-2.530177117784588e-11,1.8672558051684382e-09
273,elderly,fixed_defect,medium,high,typical_angina,0.0,low,0.0,0.0,0.0,0.0,0.0,0.0
274,elderly,fixed_defect,medium,high,atypical_angina,0.0,low,0.0,0.0,0.0,0.0,0.0,0.0
275,elderly,fixed_defect,medium,high,non_anginal,0.0133,low,0.49999962255554725,1.735787048592837e-11,3.4534491268719644e-10,-6.448054942965976e-12,2.8451012318123477e-12,-1.6315816648024043e-10
276,elderly,fixed_defect,medium,high,asymptomatic,0.039,low,0.9999997245372364,8.327768498710164e-11,6.906901609106394e-10,-1.1480175240790114e-10,4.9360711255921734e-11,1.8672554798930726e-09
277,elderly,fixed_defect,high,low,typical_angina,0.0,low,0.0,0.0,0.0,0.0,0.0,0.0
278,elderly,fixed_defect,high,low,atypical_angina,0.0,low,0.0,0.0,0.0,0.0,0.0,0.0
279,elderly,fixed_defect,high,low,non_anginal,0.0,low,0.0,0.0,0.0,0.0,0.0,0.0
280,elderly,fixed_defect,high,low,asymptomatic,0.1195,low,0.7499999053892437,8.066899970736554e-11,5.180177073623711e-10,1.5274004584553405e-10,-3.7994132404423714e-11,1.4004418462422348e-09
281,elderly,fixed_defect,high,medium,typical_angina,0.09,low,-0.0,0.0,0.0,0.0,0.0,0.0
282,elderly,fixed_defect,high,medium,atypical_angina,0.2567,low,0.4999999577212718,1.387627263427291e-10,3.4534515396774816e-10,8.908849459496324e-11,-6.767125314280578e-13,-1.2599444992702727e-09
283,elderly,fixed_defect,high,medium,non_anginal,0.0,low,0.0,0.0,0.0,0.0,0.0,0.0
284,elderly,fixed_defect,high,medium,asymptomatic,0.8525,low,0.4288540557963031,-0.0012161791879371634,1.7460172485847584e-10,-0.0006213941410755858,-0.00011154485498370288,4.720293453578895e-10
285,elderly,fixed_defect,high,high,typical_angina,0.0,low,0.0,0.0,0.0,0.0,0.0,0.0
286,elderly,fixed_defect,high,high,atypical_angina,0.055,low,0.4999998862927201,1.38762706787054e-10,3.453451051293603e-10,8.908848227655205e-11,-6.767124346640098e-13,-1.259944321621921e-09
287,elderly,fixed_defect,high,high,non_anginal,0.0,low,0.0,0.0,0.0,0.0,0.0,0.0
288,elderly,fixed_defect,high,high,asymptomatic,0.03,low,0.24999990726483406,1.4749179269119534e-11,1.726725275249502e-10,2.862148018386182e-11,4.944365944071621e-12,4.668138356206523e-10
289,elderly,reversible_defect,low,low,typical_angina,0.0,low,0.0,0.0,0.0,0.0,0.0,0.0
290,elderly,reversible_defect,low,low,atypical_angina,0.0,low,0.0,0.0,0.0,0.0,0.0,0.0
291,elderly,reversible_defect,low,low,non_anginal,0.0,low,0.0,0.0,0.0,0.0,0.0,0.0
292,elderly,reversible_defect,low,low,asymptomatic,0.0,low,0.0,0.0,0.0,0.0,0.0,0.0
293,elderly,reversible_defect,low,medium,typical_angina,0.0,low,0.0,0.0,0.0,0.0,0.0,0.0
294,elderly,reversible_defect,low,medium,atypical_angina,0.0,low,0.0,0.0,0.0,0.0,0.0,0.0
295,elderly,reversible_defect,low,medium,non_anginal,0.135,low,0.4339217321351693,3.7283744653426455e-11,5.509847542910681e-10,0.00014842310677072547,-2.3448877737390786e-05,-1.4609316697714227e-10
296,elderly,reversible_defect,low,medium,asymptomatic,0.2,low,0.4999999746574306,4.598537507253734e-11,6.153451655545382e-10,-9.058331202484385e-11,-4.272452899003618e-12,9.336279275897126e-10
297,elderly,reversible_defect,low,high,typical_angina,0.0,low,0.0,0.0,0.0,0.0,0.0,0.0
298,elderly,reversible_defect,low,high,atypical_angina,0.0,low,0.0,0.0,0.0,0.0,0.0,0.0
299,elderly,reversible_defect,low,high,non_anginal,0.0658,low,0.0,0.0,0.0,0.0,-0.0,0.0
300,elderly,reversible_defect,low,high,asymptomatic,0.0631,low,0.49999990847310277,2.949836344275821e-11,6.153450984579991e-10,-7.01390872478642e-11,3.0667443975224913e-11,9.336278258937618e-10
301,elderly,reversible_defect,medium,low,typical_angina,0.0047,low,-0.0,0.0,0.0,0.0,0.0,0.0
302,elderly,reversible_defect,medium,low,atypical_angina,0.0,low,0.0,0.0,0.0,0.0,0.0,0.0
303,elderly,reversible_defect,medium,low,non_anginal,0.0,low,0.0,0.0,0.0,0.0,0.0,0.0
304,elderly,reversible_defect,medium,low,asymptomatic,0.4031,low,0.35702476096662933,-0.000740385010568073,4.4374418410616625e-10,0.0005016912886769263,-8.99164536566199e-05,6.732675922655599e-10
305,elderly,reversible_defect,medium,medium,typical_angina,0.0108,low,-0.0,0.0,0.0,0.0,0.0,0.0
306,elderly,reversible_defect,medium,medium,atypical_angina,0.215,low,-0.0,0.0,0.0,0.0,0.0,0.0
307,elderly,reversible_defect,medium,medium,non_anginal,0.5163,low,0.12235663419541909,0.00017532656931996293,1.7366531762100056e-10,-1.8590199071426941e-06,3.804951745237458e-05,-4.6047218943047176e-11
308,elderly,reversible_defect,medium,medium,asymptomatic,1.5663,low,0.3901893766439286,0.0005611976519581909,4.836502383909342e-10,-4.0695386918878605e-05,-9.055409128176156e-05,7.33814743312002e-10
309,elderly,reversible_defect,medium,high,typical_angina,0.0,low,0.0,0.0,0.0,0.0,0.0,0.0
310,elderly,reversible_defect,medium,high,atypical_angina,0.0245,low,0.2499998972081077,1.474917815234865e-11,3.0767247475316987e-10,-1.2777680523938897e-11,2.3030047132435526e-12,-6.299720214578124e-10
311,elderly,reversible_defect,medium,high,non_anginal,1.0638,low,0.27326364155250293,-0.0002311968488565073,2.5508699931026415e-10,2.372052067471883e-05,-0.00022792460407421904,-6.763611423626649e-11
312,elderly,reversible_defect,medium,high,asymptomatic,1.253,low,0.49995952453978887,0.0005192732629255777,7.252309643787302e-10,-9.878572736166967e-06,0.00025127181231430687,1.1003512931016806e-09
313,elderly,reversible_defect,high,low,typical_angina,0.0,low,0.0,0.0,0.0,0.0,0.0,0.0
314,elderly,reversible_defect,high,low,atypical_angina,0.0,low,0.0,0.0,0.0,0.0,0.0,0.0
315,elderly,reversible_defect,high,low,non_anginal,0.0347,low,-0.0,0.0,0.0,0.0,0.0,0.0
316,elderly,reversible_defect,high,low,asymptomatic,0.3603,low,0.7310738976102875,-8.185561384487605e-05,9.000297634922057e-10,5.725734351755577e-05,-1.1476994409899566e-05,1.3655635370671048e-09
317,elderly,reversible_defect,high,medium,typical_angina,0.0,low,0.0,0.0,0.0,0.0,0.0,0.0
318,elderly,reversible_defect,high,medium,atypical_angina,0.0,low,0.0,0.0,0.0,0.0,0.0,0.0
319,elderly,reversible_defect,high,medium,non_anginal,0.384,low,0.24999998303183096,7.54516066145704e-11,3.076725911816703e-10,3.180604066260364e-11,-6.325443153136662e-12,-8.157914173416707e-11
320,elderly,reversible_defect,high,medium,asymptomatic,0.9077,low,0.6882758841072341,0.0005972833197654224,9.25147390223539e-10,8.009195657941417e-05,8.182625510300552e-05,1.4036730537273152e-09
321,elderly,reversible_defect,high,high,typical_angina,0.07,low,0.0,0.0,0.0,0.0,0.0,0.0
322,elderly,reversible_defect,high,high,atypical_angina,0.0,low,0.0,0.0,0.0,0.0,0.0,0.0
323,elderly,reversible_defect,high,high,non_anginal,0.6081,low,0.74999993205815,2.6831270773575763e-10,9.230177931713386e-10,1.6687849624626677e-10,1.2054363001393303e-11,-2.4473742821594694e-10
324,elderly,reversible_defect,high,high,asymptomatic,0.5707,low,0.7263518189585366,0.0002858239144786067,9.100614240928412e-10,-0.0004325793143073116,0.00022036870531660775,1.3807839940649246e-09
